<?xml version="1.0" encoding="utf-8"?>
<extension type="component" version="1.7.0" client="site" method="upgrade">
	<name>Blank Component</name>
	<author>Omar Muhammad</author>
	<creationDate>21/9/2011</creationDate>
	<copyright>Copyright © 2011, Omar's Site, All Rights Reserved.</copyright>
	<license>http://www.gnu.org/copyleft/gpl.html GNU/GPL</license>
	<authorEmail>admin@omar84.com</authorEmail>
	<authorUrl>http://omar84.com</authorUrl>
	<version>1.7.0</version>
	<description>Blank Component was made to make it possible to create a menu item page that contains only modules and no component.</description>
	<files>
		<filename component="com_blankcomponent">blankcomponent.php</filename>
		<filename>controller.php</filename>
		<filename>index.html</filename>
		<folder>views/</folder>
	</files>
	<administration>
		<menu>Blank Component</menu>
	    <files>
	    	<filename component="com_blankcomponent">blankcomponent.php</filename>
	    </files>
	</administration>
</extension>